Workbook

Sheet Итог
A1: Вводные данные
A2: N | B2: 10000
A3: MDE | B3: 1000
A4: Расчётные данные
A5: Прирост выручки | B5: =SUM(положительный_исход!P2:P18) -> 2636332
A6: Падение выручки | B6: =SUM(отрицательный_исход!P2:P4) -> -256137.44
A7: Баланс | B7: =B5+B6 -> 2380194.5 | C7: Как видим, наш баланс значительно возрос, введение системы push-уведомлений пошло на пользу, однако рекомендуется делать это не во всех городах (подробнее о городах в ipynb-файле), а также добавить наблюдения для некоторых т.т.
A8: Количество наблюдений | B8: =16*MIN(INDEX(нейтральный_исход!J$2:J$32,MATCH(B9,нейтральный_исход!B$2:B$32,0)),INDEX(нейтральный_исход!K$2:K$32,MATCH(B9,нейтральный_исход!B$2:B$32,0)))^2/(B3^2) -> 117.69957
A9: Торговая точка: | B9: 3786

Sheet положительный_исход
A1: city | B1: id_trading_point | C1: avg_payment_test | D1: count_test | E1: avg_payment_control | F1: count_control | G1: count_all | H1: percent_count | I1: diff | J1: sigma_test | K1: sigma_control | L1: ttest | M1: pvalue_ttest | N1: conclusion | P1: Выручка
A2: Владимир | B2: 11 | C2: 2547.22 | D2: 509 | E2: 2108.6102 | F2: 608 | G2: 45318 | H2: 2.4648043 | I2: 438.60984 | J2: 3023.7022 | K2: 2663.0384 | L2: 2.5769555 | M2: 0.010095112 | N2: положительный исход | P2: =I2*Итог!$B$2*H2/100 -> 108108.74
A3: Казань | B3: 991 | C3: 3249.2815 | D3: 270 | E3: 2452.9864 | F3: 294 | G3: 45318 | H3: 1.2445386 | I3: 796.29509 | J3: 4719.5926 | K3: 3633.9359 | L3: 2.2552584 | M3: 0.024501005 | N3: положительный исход | P3: =I3*Итог!$B$2*H3/100 -> 99101.997
A4: Москва | B4: 1002 | C4: 4121.7536 | D4: 138 | E4: 1844.7872 | F4: 188 | G4: 45318 | H4: 0.71936096 | I4: 2276.9664 | J4: 4084.2632 | K4: 2436.5361 | L4: 6.2746223 | M4: 1.1223868e-09 | N4: положительный исход | P4: =I4*Итог!$B$2*H4/100 -> 163796.07
A5: Москва | B5: 1287 | C5: 2128.5568 | D5: 370 | E5: 1394.6555 | F5: 357 | G5: 45318 | H5: 1.6042191 | I5: 733.90129 | J5: 2437.3765 | K5: 2338.4618 | L5: 4.1402972 | M5: 3.876566e-05 | N5: положительный исход | P5: =I5*Итог!$B$2*H5/100 -> 117733.85
A6: Москва | B6: 2652 | C6: 2506.6168 | D6: 2273 | E6: 1972.8477 | F6: 2370 | G6: 45318 | H6: 10.245377 | I6: 533.76913 | J6: 2842.1829 | K6: 2565.8782 | L6: 6.7222298 | M6: 2.0059224e-11 | N6: положительный исход | P6: =I6*Итог!$B$2*H6/100 -> 546866.6
A7: Москва | B7: 1654 | C7: 3132.3016 | D7: 799 | E7: 2507.8865 | F7: 775 | G7: 45318 | H7: 3.4732336 | I7: 624.41518 | J7: 3199.6602 | K7: 2950.5129 | L7: 4.0217393 | M7: 6.0509708e-05 | N7: положительный исход | P7: =I7*Итог!$B$2*H7/100 -> 216873.98
A8: Самара | B8: 35 | C8: 2762.2243 | D8: 214 | E8: 1508.8351 | F8: 194 | G8: 45318 | H8: 0.90030451 | I8: 1253.3892 | J8: 2977.0835 | K8: 2184.8081 | L8: 4.8066662 | M8: 2.1646757e-06 | N8: положительный исход | P8: =I8*Итог!$B$2*H8/100 -> 112843.2
A9: Самара | B9: 34 | C9: 3104.5067 | D9: 225 | E9: 1752.6087 | F9: 253 | G9: 45318 | H9: 1.0547685 | I9: 1351.898 | J9: 2956.8269 | K9: 2529.7008 | L9: 5.386265 | M9: 1.1327785e-07 | N9: положительный исход | P9: =I9*Итог!$B$2*H9/100 -> 142593.94
A10: Самара | B10: 33 | C10: 4598.2198 | D10: 232 | E10: 2311.3876 | F10: 258 | G10: 45318 | H10: 1.0812481 | I10: 2286.8322 | J10: 2931.2349 | K10: 2371.7713 | L10: 9.5328379 | M10: 7.222519e-20 | N10: положительный исход | P10: =I10*Итог!$B$2*H10/100 -> 247263.29
A11: Самара | B11: 36 | C11: 1987.3282 | D11: 131 | E11: 860.41844 | F11: 141 | G11: 45318 | H11: 0.60020301 | I11: 1126.9098 | J11: 2718.5027 | K11: 1840.8266 | L11: 4.0279507 | M11: 7.3187581e-05 | N11: положительный исход | P11: =I11*Итог!$B$2*H11/100 -> 67637.466
A12: Санкт-Петербург | B12: 117 | C12: 2582.2976 | D12: 625 | E12: 2050.6917 | F12: 587 | G12: 45318 | H12: 2.674434 | I12: 531.60595 | J12: 2835.0045 | K12: 2595.7378 | L12: 3.3981956 | M12: 0.00070038166 | N12: положительный исход | P12: =I12*Итог!$B$2*H12/100 -> 142174.5
A13: Санкт-Петербург | B13: 213 | C13: 2977.6293 | D13: 232 | E13: 2277.6118 | F13: 255 | G13: 45318 | H13: 1.0746282 | I13: 700.01755 | J13: 2905.4944 | K13: 2710.0434 | L13: 2.7507519 | M13: 0.0061682153 | N13: положительный исход | P13: =I13*Итог!$B$2*H13/100 -> 75225.858
... A18: Санкт-Петербург | B18: 573 | C18: 2929.0452 | D18: 177 | E18: 1641.2125 | F18: 160 | G18: 45318 | H18: 0.74363388 | I18: 1287.8327 | J18: 3201.0981 | K18: 2619.0448 | L18: 4.0165685 | M18: 7.2940741e-05 | N18: положительный исход | P18: =I18*Итог!$B$2*H18/100 -> 95767.602

Sheet отрицательный_исход
A1: city | B1: id_trading_point | C1: avg_payment_test | D1: count_test | E1: avg_payment_control | F1: count_control | G1: count_all | H1: percent_count | I1: diff | J1: sigma_test | K1: sigma_control | L1: ttest | M1: pvalue_ttest | N1: conclusion | P1: Выручка (падение)
A2: Волгоград | B2: 66 | C2: 2288.8706 | D2: 657 | E2: 2601.761 | F2: 703 | G2: 45318 | H2: 3.001015 | I2: -312.8904 | J2: 2682.5676 | K2: 2830.1938 | L2: -2.0892719 | M2: 0.036868999 | N2: отрицательный исход | P2: =I2*H2*Итог!$B$2/100 -> -93898.88
A3: Краснодар | B3: 1101 | C3: 2176.0038 | D3: 785 | E3: 2523.5788 | F3: 869 | G3: 45318 | H3: 3.6497639 | I3: -347.575 | J3: 2722.6245 | K3: 2960.3523 | L3: -2.4767363 | M3: 0.013358448 | N3: отрицательный исход | P3: =I3*H3*Итог!$B$2/100 -> -126856.67
A4: Москва | B4: 9931 | C4: 1415.7843 | D4: 153 | E4: 1968.6934 | F4: 137 | G4: 45318 | H4: 0.63992233 | I4: -552.90912 | J4: 2038.1642 | K4: 2403.3979 | L4: -2.1191969 | M4: 0.034929469 | N4: отрицательный исход | P4: =I4*H4*Итог!$B$2/100 -> -35381.889

Sheet нейтральный_исход
A1: city | B1: id_trading_point | C1: avg_payment_test | D1: count_test | E1: avg_payment_control | F1: count_control | G1: count_all | H1: percent_count | I1: diff | J1: sigma_test | K1: sigma_control | L1: ttest | M1: pvalue_ttest | N1: conclusion
A2: Дмитров | B2: 2 | C2: 579.33333 | D2: 78 | E2: 483.4507 | F2: 71 | G2: 45318 | H2: 0.32878768 | I2: 95.882629 | J2: 1860.7624 | K2: 1654.9232 | L2: 0.33105243 | M2: 0.74107631 | N2: нейтральный исход
A3: Казань | B3: 699 | C3: 2422.2863 | D3: 482 | E3: 2574.3522 | F3: 494 | G3: 45318 | H3: 2.1536696 | I3: -152.06592 | J3: 3906.8179 | K3: 4082.8514 | L3: -0.59425383 | M3: 0.55248036 | N3: нейтральный исход
A4: Казань | B4: 544 | C4: 2621.4271 | D4: 377 | E4: 2635.5481 | F4: 416 | G4: 45318 | H4: 1.7498566 | I4: -14.121021 | J4: 3714.8948 | K4: 4639.8207 | L4: -0.04699706 | M4: 0.96252743 | N4: нейтральный исход
A5: Казань | B5: 516 | C5: 3237.2003 | D5: 634 | E5: 2880.4843 | F5: 636 | G5: 45318 | H5: 2.8024185 | I5: 356.71604 | J5: 4537.1038 | K5: 3819.2928 | L5: 1.5158874 | M5: 0.12979707 | N5: нейтральный исход
A6: Казань | B6: 477 | C6: 2259.623 | D6: 382 | E6: 2496.987 | F6: 386 | G6: 45318 | H6: 1.6946909 | I6: -237.36401 | J6: 3482.8461 | K6: 3881.9947 | L6: -0.89159336 | M6: 0.3728909 | N6: нейтральный исход
A7: Казань | B7: 439 | C7: 2481.9606 | D7: 355 | E7: 2400.6353 | F7: 351 | G7: 45318 | H7: 1.5578799 | I7: 81.325236 | J7: 4040.441 | K7: 3722.1171 | L7: 0.27806735 | M7: 0.7810423 | N7: нейтральный исход
A8: Краснодар | B8: 1989 | C8: 4407.3849 | D8: 239 | E8: 4163.9593 | F8: 270 | G8: 45318 | H8: 1.123174 | I8: 243.42568 | J8: 2737.9007 | K8: 2492.0963 | L8: 1.0499935 | M8: 0.29422132 | N8: нейтральный исход
A9: Красноярск | B9: 202 | C9: 2927.3412 | D9: 551 | E9: 2730.3788 | F9: 565 | G9: 45318 | H9: 2.4625976 | I9: 196.96244 | J9: 2956.6862 | K9: 2737.8858 | L9: 1.1550729 | M9: 0.24830826 | N9: нейтральный исход
A10: Красноярск | B10: 278 | C10: 2499.3458 | D10: 535 | E10: 2185.2147 | F10: 489 | G10: 45318 | H10: 2.2595878 | I10: 314.13107 | J10: 2915.9953 | K10: 2574.9156 | L10: 1.8202681 | M10: 0.069010561 | N10: нейтральный исход
A11: Красноярск | B11: 277 | C11: 2285.75 | D11: 708 | E11: 2431.3653 | F11: 709 | G11: 45318 | H11: 3.1267929 | I11: -145.6153 | J11: 2712.6779 | K11: 2868.5876 | L11: -0.98170547 | M11: 0.32641279 | N11: нейтральный исход
A12: Красноярск | B12: 212 | C12: 2144.317 | D12: 593 | E12: 2222.0522 | F12: 575 | G12: 45318 | H12: 2.5773423 | I12: -77.735142 | J12: 2708.5887 | K12: 2785.1163 | L12: -0.48358539 | M12: 0.62877095 | N12: нейтральный исход
A13: Красноярск | B13: 444 | C13: 2404.1062 | D13: 650 | E13: 2545.7349 | F13: 562 | G13: 45318 | H13: 2.674434 | I13: -141.62872 | J13: 2810.8285 | K13: 2797.1388 | L13: -0.87674037 | M13: 0.3808017 | N13: нейтральный исход
... A32: Тюмень | B32: 19 | C32: 2043.8231 | D32: 130 | E32: 1743.3767 | F32: 146 | G32: 45318 | H32: 0.60902952 | I32: 300.44636 | J32: 2442.2668 | K32: 2891.3334 | L32: 0.92645906 | M32: 0.35502276 | N32: нейтральный исход
