Workbook

Sheet Результат запроса
A1: day | B1: DAU | C1: WAU | D1: MAU | E1: SF Weekly | F1: SF Monthly | G1: номер недели | H1: номер месяца
A2: 44744 | B2: 3 | C2: =VLOOKUP(G2,WAU!A:C,3,) -> 6 | D2: =VLOOKUP(H2,MAU!A:C,3,) -> 193 | E2: =B2/C2 -> 0.5 | F2: =B2/D2 -> 0.015544041 | G2: =_xlfn.ISOWEEKNUM(A2) -> 26 | H2: =MONTH(A2) -> 7
A3: 44745 | B3: 6 | C3: =VLOOKUP(G3,WAU!A:C,3,) -> 6 | D3: =VLOOKUP(H3,MAU!A:C,3,) -> 193 | E3: =B3/C3 -> 1 | F3: =B3/D3 -> 0.031088083 | G3: =_xlfn.ISOWEEKNUM(A3) -> 26 | H3: =MONTH(A3) -> 7
A4: 44746 | B4: 5 | C4: =VLOOKUP(G4,WAU!A:C,3,) -> 59 | D4: =VLOOKUP(H4,MAU!A:C,3,) -> 193 | E4: =B4/C4 -> 0.084745763 | F4: =B4/D4 -> 0.025906736 | G4: =_xlfn.ISOWEEKNUM(A4) -> 27 | H4: =MONTH(A4) -> 7
A5: 44747 | B5: 10 | C5: =VLOOKUP(G5,WAU!A:C,3,) -> 59 | D5: =VLOOKUP(H5,MAU!A:C,3,) -> 193 | E5: =B5/C5 -> 0.16949153 | F5: =B5/D5 -> 0.051813472 | G5: =_xlfn.ISOWEEKNUM(A5) -> 27 | H5: =MONTH(A5) -> 7
A6: 44748 | B6: 5 | C6: =VLOOKUP(G6,WAU!A:C,3,) -> 59 | D6: =VLOOKUP(H6,MAU!A:C,3,) -> 193 | E6: =B6/C6 -> 0.084745763 | F6: =B6/D6 -> 0.025906736 | G6: =_xlfn.ISOWEEKNUM(A6) -> 27 | H6: =MONTH(A6) -> 7
A7: 44749 | B7: 13 | C7: =VLOOKUP(G7,WAU!A:C,3,) -> 59 | D7: =VLOOKUP(H7,MAU!A:C,3,) -> 193 | E7: =B7/C7 -> 0.22033898 | F7: =B7/D7 -> 0.067357513 | G7: =_xlfn.ISOWEEKNUM(A7) -> 27 | H7: =MONTH(A7) -> 7
A8: 44750 | B8: 22 | C8: =VLOOKUP(G8,WAU!A:C,3,) -> 59 | D8: =VLOOKUP(H8,MAU!A:C,3,) -> 193 | E8: =B8/C8 -> 0.37288136 | F8: =B8/D8 -> 0.11398964 | G8: =_xlfn.ISOWEEKNUM(A8) -> 27 | H8: =MONTH(A8) -> 7
A9: 44751 | B9: 22 | C9: =VLOOKUP(G9,WAU!A:C,3,) -> 59 | D9: =VLOOKUP(H9,MAU!A:C,3,) -> 193 | E9: =B9/C9 -> 0.37288136 | F9: =B9/D9 -> 0.11398964 | G9: =_xlfn.ISOWEEKNUM(A9) -> 27 | H9: =MONTH(A9) -> 7
A10: 44752 | B10: 26 | C10: =VLOOKUP(G10,WAU!A:C,3,) -> 59 | D10: =VLOOKUP(H10,MAU!A:C,3,) -> 193 | E10: =B10/C10 -> 0.44067797 | F10: =B10/D10 -> 0.13471503 | G10: =_xlfn.ISOWEEKNUM(A10) -> 27 | H10: =MONTH(A10) -> 7
A11: 44753 | B11: 23 | C11: =VLOOKUP(G11,WAU!A:C,3,) -> 92 | D11: =VLOOKUP(H11,MAU!A:C,3,) -> 193 | E11: =B11/C11 -> 0.25 | F11: =B11/D11 -> 0.11917098 | G11: =_xlfn.ISOWEEKNUM(A11) -> 28 | H11: =MONTH(A11) -> 7
A12: 44754 | B12: 24 | C12: =VLOOKUP(G12,WAU!A:C,3,) -> 92 | D12: =VLOOKUP(H12,MAU!A:C,3,) -> 193 | E12: =B12/C12 -> 0.26086957 | F12: =B12/D12 -> 0.12435233 | G12: =_xlfn.ISOWEEKNUM(A12) -> 28 | H12: =MONTH(A12) -> 7
A13: 44755 | B13: 30 | C13: =VLOOKUP(G13,WAU!A:C,3,) -> 92 | D13: =VLOOKUP(H13,MAU!A:C,3,) -> 193 | E13: =B13/C13 -> 0.32608696 | F13: =B13/D13 -> 0.15544041 | G13: =_xlfn.ISOWEEKNUM(A13) -> 28 | H13: =MONTH(A13) -> 7
... A304: 45046 | B304: 71 | C304: =VLOOKUP(G304,WAU!A:C,3,) -> 422 | D304: =VLOOKUP(H304,MAU!A:C,3,) -> 1027 | E304: =B304/C304 -> 0.16824645 | F304: =B304/D304 -> 0.069133398 | G304: =_xlfn.ISOWEEKNUM(A304) -> 17 | H304: =MONTH(A304) -> 4

Sheet WAU
A1: Номер недели | B1: week | C1: WAU
A2: =_xlfn.ISOWEEKNUM(B2) -> 26 | B2: 44739 | C2: 6
A3: =_xlfn.ISOWEEKNUM(B3) -> 27 | B3: 44746 | C3: 59
A4: =_xlfn.ISOWEEKNUM(B4) -> 28 | B4: 44753 | C4: 92
A5: =_xlfn.ISOWEEKNUM(B5) -> 29 | B5: 44760 | C5: 133
A6: =_xlfn.ISOWEEKNUM(B6) -> 30 | B6: 44767 | C6: 183
A7: =_xlfn.ISOWEEKNUM(B7) -> 31 | B7: 44774 | C7: 202
A8: =_xlfn.ISOWEEKNUM(B8) -> 32 | B8: 44781 | C8: 193
A9: =_xlfn.ISOWEEKNUM(B9) -> 33 | B9: 44788 | C9: 201
A10: =_xlfn.ISOWEEKNUM(B10) -> 34 | B10: 44795 | C10: 206
A11: =_xlfn.ISOWEEKNUM(B11) -> 35 | B11: 44802 | C11: 192
A12: =_xlfn.ISOWEEKNUM(B12) -> 36 | B12: 44809 | C12: 196
A13: =_xlfn.ISOWEEKNUM(B13) -> 37 | B13: 44816 | C13: 205
... A45: =_xlfn.ISOWEEKNUM(B45) -> 17 | B45: 45040 | C45: 422

Sheet MAU
A1: номер месяца | B1: month | C1: MAU
A2: =MONTH(B2) -> 7 | B2: 44743 | C2: 193
A3: =MONTH(B3) -> 8 | B3: 44774 | C3: 366
A4: =MONTH(B4) -> 9 | B4: 44805 | C4: 378
A5: =MONTH(B5) -> 10 | B5: 44835 | C5: 393
A6: =MONTH(B6) -> 11 | B6: 44866 | C6: 426
A7: =MONTH(B7) -> 12 | B7: 44896 | C7: 390
A8: =MONTH(B8) -> 1 | B8: 44927 | C8: 536
A9: =MONTH(B9) -> 2 | B9: 44958 | C9: 696
A10: =MONTH(B10) -> 3 | B10: 44986 | C10: 1544
A11: =MONTH(B11) -> 4 | B11: 45017 | C11: 1027
